Work Location
San Francisco CA USA
Unknown
Greenbelt MD USA
Macclesfield Cheshire United Kingdom
Washington DC USA
Apopka FL USA
Baltimore MD USA
Unknown
MACCLESFIELD Cheshire United Kingdom
  USA
Unknown
MACCLESFIELD Cheshire United Kingdom
Atlanta GA USA
East Lansing MI USA
Corinth TX USA
Unknown
Baltimore MD USA
Albuquerque NM USA
Unknown
Glendale NY USA
Washington DC USA
Ames IA USA
Tempe AZ USA
Almada  Portugal
West Orange NJ USA
Washington DC USA
Winnipeg MB Canada
Tempe AZ USA
Unknown
Chicago IL USA
Central SC USA
Minneapolis MN USA
Stevenson Ranch CA USA
Plano TX USA
Basel  Switzerland
La Jolla CA USA
Unknown
Cincinnati OH USA
Edwardsville IL USA
Northfield MN USA
Wilmington DE USA
Nürnberg Non-US Germany
Moffett Field CA USA
Cambridge MA USA
Williamstown MA USA
Leeds West Yorkshire United Kingdom
San Francisco CA USA
Toronto ON Canada
Washington DC USA
Washington DC USA
Montreuil ile de france France
Washington DC USA
Columbia SC USA
Unknown
San Francisco CA USA
Raleigh NC USA
Keele Staffordshire United Kingdom
Altadena CA USA
Tucson AZ USA
Tucson AZ USA
Chicago IL USA
Hilo HI USA
Washintong DC USA
Charlottesville VA USA
Cambridge MA USA
Bowie MD USA
Washington DC USA
SJO CR Costa Rica
Quogue NY USA
Pasadena CA USA
Chicago IL USA
Ann Arbor MI USA
Moscow ID USA
Crownsville MD USA
Tucson AZ USA
Rochester NY USA
Annandale on Hudson NY USA
Huntsville AL USA
Tucson AZ USA
Glendale AZ USA
Peking China China
Baltimore MD USA
Center Harbor NH USA
Rockville MD USA
Madison WI USA
Rockyford AB Canada
Daytona Beach FL USA
Norman OK USA
  USA
Indore India India
Kolkata West Bengal India
Springfield VA USA
Charlottesville VA USA
Indore India India
Oak Ridge TN USA
Indore Indore MP India
Fremont CA USA
Baltimore MD USA
Indore Madhya Pradesh India
Greenbelt MD USA
Philadelphia PA USA
Madison WI USA
Greenbelt MD USA
Gambrills MD USA
Irvine CA USA
Indore Madhya Pradesh India
Timonium MD USA
Kansas City MO USA
Tucson AZ USA
Denver CO USA
Indore India India
Franklin MA USA
Saint Louis MO USA
Indore Madhya Pradesh India
Pasadena CA USA
Mint Hill NC USA
Albuquerque NM USA
Washington DC USA
Tucson AZ USA
Baltimore MD USA
Lemont IL USA
Socorro NM USA
Greenbelt MD USA
Unknown
Unknown
  USA
Tucson AZ USA
Camarillo CA USA
Greensboro NC USA
Jamestown NC USA
Greensboro NC USA
Greensboro NC USA
ARDEN NC USA
Jamestown NC USA
Jamestown NC USA
Austin TX USA
Cambridge MA USA
Flagstaff AZ USA
Cambridge MA USA
Washington DC USA
Kensington MD USA
Flagstaff AZ USA
Flagstaff AZ USA
Washington DC USA
Washington DC USA
SYRACUSE NY USA
Austin TX USA
Unknown
Encino CA USA
Washington DC USA
Saint Lazare QC Canada
Potsdam  Germany
Hilo HI USA
Norman OK USA
New York NY USA
Washington DC USA
Athens OH USA
Palo Alto CA USA
Punta Gorda FL USA
Reykjavik  Iceland
Guyancourt  France
Haddonfield NJ USA
San Francisco CA USA
San Francisco CA USA
Mexico City DF Mexico
Napa CA USA
Carlisle PA USA
Daejeon Korea South Korea
Daejeon  South Korea
Leiden Zuid-Holland Netherlands
Graz Austria Austria
Cambridge MA USA
Stony Brook NY USA
Madison Heights MI USA
Columbus IN USA
Greenbelt MD USA
Logan UT USA
Logan UT USA
Cambridge MA USA
Knoxville TN USA
Philadelphia PA USA
Williams Bay WI USA
New York NY USA
New York NY USA
Brooklyn NY USA
New York NY USA
Long Island City NY USA
New York NY USA
New York NY USA
New York NY USA
Unknown
Pasadena CA USA
Livermore CA USA
Prescott AZ USA
Pasadena CA USA
Pasadena CA USA
La Canada CA USA
South Orange NJ USA
Madison WI USA
Iowa City IA USA
Sunnyvale CA USA
Seattle WA USA
Mountain View CA USA
Desio Monza-Brianza Italy
Los Alamos NM USA
Pasadena CA USA
Greenbelt MD USA
Wuhan China China
Ellicott City MD USA
Albuquerque NM USA
North Logan UT USA
Madison WI USA
Unknown
Silver Spring MD USA
2200 Kobenhavn N  Denmark
Unknown
LONDON  United Kingdom
Unknown
Baltimore MD USA
Mountain View CA USA
Antwerpen  Belgium
Calgary AB Canada
Boulder CO USA
Arlington VA USA
Unknown
Hilo HI USA
Unknown
Flint MI USA
Ridge NY USA
"Amersfoort, Utrecht  Netherlands"
Wichita KS USA
Las Vegas NV USA
Seattle WA USA
Brooklyn NY USA
Unknown
St. Louis MO USA
Pasadena CA USA
Tucson AZ USA
Utrecht Utrecht Netherlands
Las Vegas NV USA
Golden CO USA
Albuquerque NM USA
Philadelphia PA USA
Valencia CA USA
Philadelphia PA USA
Moffett Field CA USA
Fairfax VA USA
Houston TX USA
Hamilton NY USA
Washington DC USA
Unknown
Bloomington IN USA
Pasadena CA USA
Unknown
Unknown
Cambridge MA USA
Hillsdale NJ USA
Kamuela HI USA
Unknown
Saint Louis MO USA
Unknown
College Park MD USA
Somerville MA USA
CAMBRIDGE  United Kingdom
St. John's NL Canada
Washington DC USA
San Diego CA USA
Houston TX USA
Rockport MA USA
La Serena Region V Chile
Ann Arbor MI USA
Springfield MO USA
Pasadena CA USA
Cambridge MA USA
Marietta OH USA
Stony Brook NY USA
 DC USA
Alexandria VA USA
Houston TX USA
Logan UT USA
LONDON  United Kingdom
Unknown
Oakland Gardens NY USA
Madison WI USA
Hamilton NY USA
San Francisco CA USA
New Bedford MA USA
Norman OK USA
San Carlos CA USA
Muncie IN USA
University Park PA USA
Grand Rapids MI USA
New Market AL USA
Unknown
Madison WI USA
Baltimore MD USA
Tucson AZ USA
Okemos MI USA
New York City NY USA
La Serena  Chile
Flagstaff AZ USA
Milwaukee WI USA
Greenbelt MD USA
Westfield MA USA
College Park MD USA
Santa Cruz CA USA
Tucson AZ USA
Urbana IL USA
Unknown
Unknown
Milwaukee WI USA
Baltimore MD USA
University Park PA USA
Houston TX USA
Boulder CO USA
Madison WI USA
Long Beach CA USA
Charleston SC USA
San Diego CA USA
Unknown
London  United Kingdom
Seoul SP South Korea
Bulach  Switzerland
Tel Aviv  Israel
Madison WI USA
Unknown
Unknown
Madison WI USA
Kailua HI USA
Sugar Creek MO USA
Madison WI USA
Tolland CT USA
Phoenix AZ USA
Tucson AZ USA
Yokohama Kanagawa Japan
EPPING NSW Australia
Tucson AZ USA
Tucson AZ USA
New Bedford MA USA
Kansas City MO USA
Daejeon  South Korea
Hilo HI USA
Bridgewater MA USA
Daejeon Yueseong South Korea
Cambridge MA USA
Arlington MA USA
Cambridge MA USA
Cambridge MA USA
Cambridge MA USA
La Serena Coquimbo Chile
La Serena  Chile
Cambridge MA USA
Belmont MA USA
Albuquerque NM USA
Tampa FL USA
Greenbelt MD USA
Mountain View CA USA
Hilo HI USA
Tucson AZ USA
Tucson AZ USA
Baltimore MD USA
Kansas City MO USA
Alexandria VA USA
Alexandria VA USA
Baltimore MD USA
Boulder CO USA
Laguna Niguel CA USA
Princeton NJ USA
Los Angeles California USA
Ithaca NY USA
Saint Louis MO USA
Valley Center KS USA
Silver Spring MD USA
Portland OR USA
Tucson AZ USA
Pasadena CA USA
Rancho Palos Verdes CA USA
Pasadena CA USA
Annandale-on-Hudson NY USA
Tucson AZ USA
Alexandria VA USA
Columbus OH USA
Alexandria VA USA
Pasadena CA USA
Pasadena CA USA
Unknown
Melbourne FL USA
Madison AL USA
Alexandria VA USA
Alexandria VA USA
New York NY USA
Fremont CA USA
San Jose CA USA
Los Altos CA USA
Mountain View CA USA
Greenbelt MD USA
Mount Wilson CA USA
Selinsgrove PA USA
Selinsgrove PA USA
Hastings on Hudson NY USA
San Jose CA USA
Philadelphia PA USA
Athens GA USA
Daegu Daegu South Korea
Cambridge  United Kingdom
Hamilton ON Canada
Oakton VA USA
Cambridge MA USA
Cambridge MA USA
Olympia Fields IL USA
Unknown
Unknown
Unknown
Unknown
East Lansing MI USA
Baltimore MD USA
Los Angeles CA USA
Pasadena CA USA
Unknown
Miami FL USA
Miami FL USA
Washington DC USA
Watertown MA USA
OXFORD  United Kingdom
Pasadena CA USA
Culver City CA USA
Portland OR USA
Sacramento CA USA
Friday Harbor WA USA
Los Angeles CA USA
Madison WI USA
Unknown
Albion MI USA
Pawleys Island SC USA
Baltimore MD USA
Provo UT USA
Moraga CA USA
Berea KY USA
San Francisco CA USA
San Francisco CA USA
Terre Haute IN USA
Princeton NJ USA
West Hills CA USA
Red Lodge MT USA
Altadena CA USA
Dearborn MI USA
Santa Cruz CA USA
Washington DC USA
Washington DC USA
Washington DC USA
Harrisonburg VA USA
Washington DC USA
Washington DC USA
Unknown
Pasadena CA USA
Tucson AZ USA
Dublin Dublin Ireland
Sunnyvale CA USA
Greenbelt MD USA
Cary NC USA
Charlottesville VA USA
Hillsborough NJ USA
New York NY USA
Lasalle  Canada
Pasadena CA USA
Greenbelt MD USA
Mesa AZ USA
Kamuela HI USA
Wilmette IL USA
Chicago IL USA
Media PA USA
Oak Park IL USA
Washington DC USA
Washington DC USA
Columbia MD USA
Flagstaff AZ USA
Pasadena CA USA
Pasadena CA USA
Tucson AZ USA
Beijing  China
Bozeman MT USA
Baltimore MD USA
Fairfax VA USA
Tucson AZ USA
St Thomas VI USA
Hamilton ON Canada
Alexandria VA USA
Glasgow Scotland United Kingdom
Glen Arm MD USA
Lutherville Timonium MD USA
Alexandria VA USA
Arlington VA USA
Concord MA USA
Concord MA USA
Alexandria VA USA
Clifton VA USA
Honolulu HI USA
Cambridge MA USA
Montreal QC Canada
Avondale AZ USA
Murfreesboro TN USA
Spanaway WA USA
Portland OR USA
Albuquerque NM USA
New York NY USA
Charlottesville VA USA
Laramie WY USA
Washington DC USA
Baltimore MD USA
Louisville KY USA
Pasadena CA USA
Hamilton ON Canada
La Laguna Tenerife Spain
Big Bear City CA USA
Baltimore MD USA
Cambridge MA USA
Columbia MD USA
Rockville MD USA
Tucson AZ USA
Lakewood CO USA
Gettysburg PA USA
Amado AZ USA
Pasadena CA USA
College Park MD USA
Cambridge MA USA
Niwot CO USA
Bremerton WA USA
Tucson AZ USA
Pasadena CA USA
New York NY USA
Socorro NM USA
Pasadena CA USA
Pasadena CA USA
Cambridge MA USA
Cambridge MA USA
Unknown
Moffett Field CA USA
Greenbelt MD USA
Unknown
Unknown
Bremerton WA USA
Bremerton WA USA
Cambridge MA USA
Washington DC USA
Baltimore MD USA
Baltimore MD USA
Arnold MD USA
Los Alamos NM USA
Duxbury MA USA
Bethesda MD USA
Simi Valley CA USA
Hamilton ON Canada
Tucson AZ USA
Nederland CO USA
Alexandria VA USA
Greenbelt MD USA
Boise ID USA
Redlands CA USA
Austin TX USA
Los Angeles CA USA
Baltimore MD USA
Baltimore MD USA
Livermore CA USA
Tempe AZ USA
Phoenix AZ USA
San Antonio TX USA
Tempe AZ USA
Baltimore MD USA
Andover MN USA
Kamuela HI USA
Huntsville AL USA
Honolulu HI USA
Melbourne VIC Australia
Minneapolis MN USA
Shreveport LA USA
Arlington VA USA
Portland OR USA
Highlands Ranch CO USA
Keller TX USA
Ventspils  Latvia
20501 Atenas Alajuela Costa Rica
Park City UT USA
Boston MA USA
Lesve NA Belgium
Boulder CO USA
Tucson AZ USA
Baltimore MD USA
Baltimore MD USA
Pereira Colombia Colombia
Cambridge MA USA
Houston TX USA
Kenmore WA USA
Sandwich MA USA
Bellevue WA USA
Glendora CA USA
Washington DC USA
Charlottesville VA USA
Charlottesville VA USA
Green Bank WV USA
Green Bank WV USA
Tucson AZ USA
Boulder CO USA
Boulder CO USA
Lafayette CO USA
Princeton NJ USA
Woodstock  United Kingdom
Cambridge MA USA
Cambridge MA USA
New York NY USA
Washington DC USA
Washington DC USA
Freeland MD USA
Morgantown WV USA
Baltimore MD USA
Vero Beach FL USA
Los Angeles CA USA
Sacramento CA USA
Madison WI USA
BELFAST  United Kingdom
Cincinnati OH USA
Madison WI USA
Chicago IL USA
Ann Arbor MI USA
Caguas Puerto Rico USA
Memphis TN USA
Albuquerque NM USA
Athens GA USA
Mountain View CA USA
Los Lunas NM USA
Georgetown TX USA
Philomath OR USA
Pasadena CA USA
Greenbelt MD USA
Tucson AZ USA
Madison AL USA
Saint Paul MN USA
Watertown MA USA
New York NY USA
Saint Paul MN USA
Brooklyn NY USA
Bethesda MD USA
Honolulu HI USA
Hillsdale MI USA
Cambridge MA USA
Washington DC USA
Baltimore MD USA
Pewaukee WI USA
Sparks Glencoe MD USA
Moscow ID USA
Rockville MD USA
Littleton CO USA
Laurel MD USA
Daytona Beach FL USA
East Lansing MI USA
Berkeley CA USA
Riverside CA USA
Bentley WA Australia
Madison CT USA
Sunnyvale CA USA
Canberra ACT Australia
Taipei Taiwan Taiwan
Montreal QC Canada
Baltimore MD USA
Clemson SC USA
Garching Bayern Germany
Tucson AZ USA
Cambridge MA USA
Aurora IL USA
Chicago IL USA
Urbana IL USA
Charlottesville VA USA
Ellicott City MD USA
Bellingham WA USA
Stewart Manor NY USA
Hartland WI USA
Honolulu HI USA
Santiago Santiago Chile
Glenwood MD USA
Clarksburg MD USA
Calgary AB Canada
Oak Forest IL USA
Granville NSW Australia
Chicago IL USA
Sierra Madre CA USA
Oregon WI USA
Melbourne VIC Australia
Murfreesboro TN USA
Waban MA USA
Unknown
Moffett Field CA USA
Alpine TX USA
Plainsboro NJ USA
Silver Spring MD USA
Arecibo PR USA
Madison WI USA
Philadelphia PA USA
Westminster CO USA
Raleigh NC USA
Andover MN USA
Benzonia MI USA
Fond Du Lac WI USA
East Lansing MI USA
Livermore CA USA
Washington DC USA
Baltimore MD USA
Morehead KY USA
Monroe WI USA
Washington DC USA
Parker CO USA
New Haven CT USA
New York NY USA
Freeport NY USA
Baltimore MD USA
Kingston ON Canada
Little Ferry NJ USA
Atlanta GA USA
Tucson AZ USA
Washington DC USA
Tucson AZ USA
Baltimore MD USA
Grand Forks ND USA
Bunkyo-ku Tokyo Japan
Iowa City IA USA
San Mateo CA USA
Denver CO USA
Pasadena CA USA
Denver CO USA
Manchester Manchester United Kingdom
Tucson AZ USA
New York NY USA
Baltimore MD USA
Madrid  Spain
Morgantown WV USA
Round Rock TX USA
Kamuela HI USA
Kamuela HI USA
Cambridge MA USA
Philadelphia PA USA
Madison AL USA
Salem WI USA
Bellingham WA USA
Philadelphia PA USA
Tempe AZ USA
Charlottesville VA USA
Smyrna TN USA
Moffett Field CA USA
Denver CO USA
Boulder CO USA
Cambridge MA USA
BIRMINGHAM  United Kingdom
Chicago IL USA
Raleigh NC USA
San Francisco CA USA
Pasadena CA USA
Charlottesville VA USA
Potsdam Brandergurg Germany
Moscow  Russia
Amherst MA Uruguay
Boulder CO USA
Tucson AZ USA
Berkeley CA USA
Lawrence KS USA
Clemson SC USA
Colorado Springs CO USA
Chicago IL USA
Sacramento CA USA
Odenton MD USA
Baltimore MD USA
Clemson SC USA
Stockbridge GA USA
Lutherville Timonium MD USA
BEAVERCREEK OH USA
Raleigh NC USA
East Lansing MI USA
Kamuela HI USA
  USA
Lakemoor IL USA
Unknown
Raleigh NC USA
Raleigh NC USA
Heidelberg  Germany
College Park MD USA
Pasadena CA USA
Lyons CO USA
Cambridge MA USA
New Hudson MI USA
Raleigh NC USA
Charlottesville VA USA
Garfiled Hts. OH USA
Baltimore MD USA
Santa Cruz CA USA
Iowa City IA USA
Madison WI USA
Hilo HI USA
Baltimore MD USA
Cairo Maadi Egypt
San Antonio TX USA
Las Vegas NV USA
Moffett Field CA USA
Athens GA USA
Unknown
Unknown
Huntsville AL USA
Madison WI USA
Spanish Fork UT USA
San Francisco CA USA
NOTTINGHAM  United Kingdom
Dripping Springs TX USA
Fullerton CA USA
Montgomery IL USA
Unknown
 IL USA
Lincoln CA USA
Lexington KY USA
Chapel Hill NC USA
Flagstaff AZ USA
Muncie IN USA
Lowell IN USA
Gyeonggi-do  South Korea
Fort Lauderdale FL USA
Ann Arbor MI USA
Raleigh NC USA
Los Alamos NM USA
Platteville WI USA
Mountain View CA USA
Greenbelt MD USA
Gainesville FL USA
Bethesda MD USA
Gainesville FL USA
Cincinnati OH USA
"Carouge, Geneva  Switzerland"
Montreal  QC Canada
Ithaca NY USA
Kansas City MO USA
Honolulu HI USA
Ioannina  Greece
Zetland NSW Australia
Bern Canton of Bern Switzerland
Heidelberg Baden-württembe Germany
BELFAST  United Kingdom
Chapel Hill NC USA
Cambridge MA USA
Rochester NY USA
Baltimore MD USA
Bern  Switzerland
Rochester NY USA
Plymouth MI USA
Chapel Hill NC USA
Rochester NY USA
Bowie MD USA
Stoughton WI USA
Chicago IL USA
Weston ACT Australia
Kalamazoo MI USA
Columbus OH USA
Brighton MA USA
Houston TX USA
Montreal QC Canada
Chapel Hill NC USA
Charleston SC USA
Catonsville MD USA
Rockville MD USA
Washington DC USA
Washington DC USA
Chapel Hill NC USA
Unknown
Madison WI USA
Unknown
Locust Grove VA USA
Unknown
Pasadena CA USA
Gainesville FL USA
Montreal  Canada
Arbovale WV USA
Cambridge MA USA
Garching Bei Muenchen Bavaria Germany
Redmond WA USA
Provo UT USA
Baltimore MD USA
Gaithersburg MD USA
Tucson AZ USA
Noordwijk South Holland Netherlands
Houston TX USA
Madison WI USA
Tyler TX USA
Provo UT USA
Ford City PA USA
Arlington MA USA
Austin TX USA
Merate  Italy
Topeka KS USA
Brookline MA USA
Granada Hills CA USA
Cambridge MA USA
Crofton MD USA
Iowa City IA USA
Pasadena CA USA
Montréal QC Canada
Pasadena CA USA
Durham NC USA
Bethesda MD USA
Eugene OR USA
Boulder CO USA
Baltimore MD USA
Pasadena CA USA
Montréal QC Canada
Boston MA USA
Montréal QC Canada
Bremerton WA USA
Noordwijk  Netherlands
Lawrenceville NJ USA
Locust Hill  Ontario Canada
Pasadena CA USA
Kalamazoo MI USA
Washington DC USA
Warsaw Mazowieckie Poland
New York NY USA
Rochester NY USA
Bothell WA USA
Ventura CA USA
Quincy MA USA
College Park MD USA
Ventura CA USA
North Aurora IL USA
Washington DC USA
Ann Arbor MI USA
Fayetteville AR USA
Austin TX USA
Cambridge MA USA
Cheongju-si  South Korea
Toulouse Occitanie France
HAWTHORN VIC Australia
San Cristobal de La Laguna Spain Spain
L'AQUILA Abbruzzo Italy
Weston Creek ACT Australia
Laurel MD USA
Cambridge MA USA
Willow Springs IL USA
Atlanta GA USA
Columbus OH USA
Meudon Ile de France France
Selby VIC Australia
London ON Canada
Cobourg ON Canada
Baltimore MD USA
Charlottesville VA USA
High Point NC USA
Kansas City MO USA
London ON Canada
Greenbelt MD USA
Montréal QC Canada
Raleigh NC USA
Cockeysville MD USA
Tempe AZ USA
Dundas ON Canada
La Laguna Tenerife Spain
Annapolis MD USA
London ON Canada
Kingston ON Canada
Baltimore MD USA
Kolkata India India
  Netherlands
Madison WI USA
Folsom CA USA
Kingston ON Canada
Los Angeles CA USA
Highlands Ranch CO USA
Tucson AZ USA
Kingston ON Canada
Wichita KS USA
Kamuela HI USA
Charlottesville VA USA
Saint Paul MN USA
Madison WI USA
San Cristóbal de La Laguna Tenerife Spain
Somerville MA USA
Los Alamoa NM USA
  USA
Greenbelt MD USA
Denver CO USA
Madison WI USA
London  United Kingdom
Brookline MA USA
Mountain View CA USA
Las Cruces NM USA
Lynnwood WA USA
Eastgardens NSW Australia
Tucson AZ USA
Canberra ACT Australia
Annapolis MD USA
Chicago IL USA
Tallahassee FL USA
Chicago IL USA
Cerdanyola Barcelona Spain
Morgantown WV USA
Tokyo  Japan
Notre Dame IN USA
Kansas City MO USA
Budapest  Hungary
Boulder CO USA
West Lafayette IN USA
Cambridge MA USA
Sydney NSW Australia
Haiku HI USA
San Pedro CA USA
Madison WI USA
Daejeon  South Korea
Ann Arbor MI USA
State College PA USA
Pasadena CA USA
Toledo OH USA
Dundas Ontario Canada
Bountiful UT USA
Clayton VIC Australia
London ON Canada
Athens GA USA
London ON Canada
Vallejo CA USA
St. Louis MO USA
Versoix Geneva Switzerland
Warsaw Mazowieckie Poland
Riverside NJ USA
Lund  Sweden
Chiba  Japan
Acton MA USA
Ames IA USA
Chicago IL USA
Clifton Park NY USA
Maple Grove MN USA
Madison WI USA
Staten Island NY USA
Staten Island NY USA
Norman OK USA
Unknown
Charlottesville VA USA
Montreal QC Canada
Ecatepec Mexico Mexico
Tucson AZ USA
Iowa City IA USA
Kansas City MO USA
Holmdel NJ USA
San Antonio TX USA
Lenexa KS USA
Malden MA USA
Greenbelt MD USA
Bath  United Kingdom
BATH  United Kingdom
Rochester NY USA
Montreal QC Canada
Iowa City IA USA
Campbell CA USA
Mountain View CA USA
Lawrence KS USA
Ann Arbor MI USA
Seattle WA USA
Baltimore MD USA
Madison WI USA
Houghton MI USA
Silver Spring MD USA
Columbus OH USA
Norman OK USA
Norman OK USA
Norman OK USA
Norman OK USA
Norman OK USA
Pasadena CA USA
Madison WI USA
Sunnyvale CA USA
Mc Kinney TX USA
Madison WI USA
Pasadena CA USA
Broomfield CO USA
El Macero CA USA
Manhattan KS USA
Mountain View CA USA
Whitewater WI USA
Weston Creek ACT Australia
Toledo OH USA
Charlottesville VA USA
Tuscaloosa AL USA
Severna Park MD USA
Gainesville FL USA
Pasadena CA USA
Baltimore MD USA
Arlington VA USA
Burke VA USA
Sunnyvale CA USA
Middletown CT USA
Washington DC USA
Madison WI USA
Gaithersburg MD USA
Belleville ON Canada
Harrison NJ USA
Capistrano Beach CA USA
Baltimore MD USA
Plano TX USA
Sydney NSW Australia
Lexington KY USA
Catlettsburg KY USA
Johnson City TN USA
Moscow  Russia
Madison WI USA
Williams Bay WI USA
Tucson AZ USA
Kennesaw GA USA
Middleburg VA USA
Boone NC USA
Santa Clara CA USA
Williamstown MA USA
Menlo Park CA USA
Durham NC USA
Palm Bay FL USA
Ogden UT USA
Dallas TX USA
Spring Valley CA USA
Stanford CA USA
Wilmington MA USA
Tempe AZ USA
Caldwell ID USA
Norman OK USA
Rockville MD USA
Madison WI USA
Barboursville WV USA
Philadelphia PA USA
Glendale CA USA
Athens GA USA
Pasadena CA USA
Garching Bayern Germany
Minneapolis MN USA
Lawrence Kansas USA
Tucson AZ USA
Northampton MA USA
Unknown
Princeton NJ USA
New York NY USA
Madison WI USA
Ithaca NY USA
Davie FL USA
Chicago IL USA
Ann Arbor MI USA
Belmont MA USA
Houghton MI USA
Honolulu HI USA
Berkeley CA USA
York PA USA
Rochester NY USA
Madison WI USA
Rockville MD USA
Omaha NE USA
Ann Arbor MI USA
Kalamazoo MI USA
Houston TX USA
Vinhedo SP Brazil
Highland Park NJ USA
Dallas TX USA
Columbia MO USA
Kansas City MO USA
Kansas City MO USA
Princeton NJ USA
Palmdale CA USA
Seoul  South Korea
University Park PA USA
Lawrence KS USA
Santa Cruz CA USA
Green Bank WV USA
State College PA USA
Pleasant Hill MO USA
Olympia WA USA
State College PA USA
Madison WI USA
Mountain View CA USA
Philadelphia PA USA
Pasadena CA USA
Madison WI USA
CARDIFF Wales United Kingdom
Arlington VA USA
Honolulu HI USA
Edmonton AB Canada
Kirkland WA USA
New Britain CT USA
CARDIFF  United Kingdom
Melbourne Beach FL USA
Tucson AZ USA
Fitchburg WI USA
Morgantown WA USA
New Haven CT USA
Kyoto  Japan
Millersville MD USA
Kokomo IN USA
Evanston IL USA
Arcadia CA USA
Pasadena CA USA
Macon GA USA
Boulder CO USA
San Ramon CA USA
Delanco NJ USA
Madison WI USA
Powell OH USA
Madison WI USA
State College PA USA
Charlottesville VA USA
Mc Lean VA USA
Hyattsville MD USA
Princeton NJ USA
Greenbelt MD USA
Hyattsville MD USA
University Park PA USA
Highland Park NJ USA
Washington DC USA
State College PA USA
Woodside CA USA
  USA
Pasadena CA USA
Baltimore MD USA
Bowling Green OH USA
Delavan WI USA
Northfield MN USA
Seneca Falls NY USA
Socorro NM USA
Garland TX USA
Tucson AZ USA
Socorro NM USA
Kingston ON Canada
Urbana IL USA
Frederick MD USA
Washington DC USA
Kenmore WA USA
Barboursville WV USA
Gainesville FL USA
Downingtown PA USA
San Diego CA USA
Flagstaff AZ USA
Flagstaff AZ USA
Las Cruces NM USA
Calgary AB Canada
Pasadena CA USA
Amherst MA USA
Madison WI USA
Philadelphia PA USA
Madison WI USA
New York NY USA
Berkeley CA USA
Madison WI USA
Tucson AZ USA
Baltimore MD USA
Unknown
Danville PA USA
Blue Bell PA USA
Tucson AZ USA
Clarksville MD USA
Tucson AZ USA
Tucson AZ USA
Larchmont NY USA
Newark NJ USA
Greenbelt MD USA
Austin TX USA
Toronto ON Canada
Madison WI USA
Somerville MA USA
Hamilton ON Canada
Santiago  Chile
Leiden Zuid-Holland Netherlands
Seneca SC USA
Baltimore MD USA
Baltimore MD USA
Nashville TN USA
Glen Arm MD USA
Baltimore MD USA
Grafton WI USA
Atlanta GA USA
Baltimore MD United Kingdom
Wynnewood PA USA
Sunnyvale CA USA
Madison WI USA
New York NY USA
Columbia MD USA
Mooresville NC USA
Houghton MI USA
Honolulu HI USA
Gainesville GA USA
Oneonta NY USA
Cambridge MA USA
University Park PA USA
Bellingham WA USA
Morgantown WV USA
West Newton MA USA
Honolulu HI USA
Muncie IN USA
Newton MA USA
Osceola IN USA
Houston TX USA
Lawrence KS USA
Bangalore Karnataka India
Western Springs IL USA
University Park PA USA
Baltimore MD USA
Baltimore MD USA
Cambridge MA USA
Tempe AZ USA
College Park MD USA
Charleston SC USA
New York NY USA
Naples Italy Italy
Unknown
Santiago R.M. Chile
Santiago Metropolitana Chile
Southampton  United Kingdom
Barcelona Spain Spain
Austin TX USA
London  United Kingdom
"Cambridge,   United Kingdom"
Fort Worth TX USA
Grafton NH USA
Socorro NM USA
London England United Kingdom
Pasadena CA USA
Bryan TX USA
Hamburg  Germany
Charlottesville United States Netherlands
SUTTON Surrey United Kingdom
Madison WI USA
Nederland CO USA
Baltimore MD USA
Minneapolis MN USA
Berlin Berlin Germany
Boulder CO USA
London London United Kingdom
Cambridge MA USA
Redwood Falls MN USA
Mays Landing NJ USA
Colorado Springs CO USA
Eau Claire WI USA
Anchorage AK USA
Baton Rouge LA USA
Hornby Island BC Canada
Seoul Seoul South Korea
Kolkata West Bengal India
Addis Ababa  Ethiopia
Lexington MA USA
New Bedford MA USA
Los Angeles CA USA
Hazard KY USA
Pikesville MD USA
Santa Monica CA USA
Erie CO USA
Rockville MD USA
San Jose CA USA
Denver CO USA
Hartwell GA USA
Tucson AZ USA
Austin TX USA
Milledgeville GA USA
Towson MD USA
Playa Del Rey CA USA
Moffett Field CA USA
New York NY USA
Mankato MN USA
Washington DC USA
Madison WI USA
Seattle WA USA
Silver Spring MD USA
Honolulu HI USA
Madison WI USA
Unknown
Mayhill NM USA
Boston MA USA
Palm Desert CA USA
Arizona City AZ USA
Montclair NJ USA
Austin TX USA
Harvard MA USA
Columbia MD USA
Stafford TX USA
Baltimore MD USA
Dallas TX USA
Columbus OH USA
Acton MA USA
Pasadena CA USA
Morgantown WV USA
Madison WI USA
Levittown PR USA
Cloudcroft NM USA
Tracy CA USA
Silver Spring MD USA
Big Rock IL USA
Lafayette CO USA
Parkville Victoria Australia
Busan  South Korea
Seattle WA USA
Madison WI USA
Gold Canyon AZ USA
Long Beach CA USA
Mission Viejo CA USA
Chicago IL USA
Grand Prairie TX USA
Madison WI USA
Aurora IL USA
Princeton NJ USA
Sandy Spring MD USA
Washington DC USA
Pasadena CA USA
Rochester NY USA
Flagstaff AZ USA
Unknown
Unknown
Wilmington DE USA
Urbana IL USA
Iowa City IA USA
Unknown
Hannover Niedersachsen Germany
Unknown
Palo Alto CA USA
Tokyo Tokyo Japan
Pasadena CA USA
Washington DC USA
Cambridge MA USA
Altadena CA USA
Cheonan S.Korea South Korea
Hanover Niedersachsen Germany
Cambridge MA USA
Bowling Green OH USA
Shreveport LA USA
Baghdad Baghdad Iraq
Sunnyvale CA USA
Makawao HI USA
Charlottesville VA USA
Henderson KY USA
Makawao HI USA
Daytona Beach FL USA
Plainsboro NJ USA
Baltimore MD USA
Lafayette CO USA
Athens GA USA
Alexandria VA USA
Moffett Field CA USA
Valley Center KS USA
Hanover NH USA
Little Rock AR USA
Fayetteville AR USA
Unknown
Kirksville MO USA
Fayetteville AR USA
San Diego CA USA
Bangalore India India
Unknown
Unknown
Unknown
Washington DC USA
Saint Jacob IL USA
Huntsville AL USA
Saline MI USA
Tucson AZ USA
Morgantown WV USA
Bowling Green OH USA
Baltimore MD USA
Boulder CO USA
Saint Louis MO USA
Chicago IL USA
Belleville IL USA
Bowling Green KY USA
Glasgow  United Kingdom
Tucson AZ USA
Saint Louis MO USA
Stony Brook NY USA
Santa Fe NM USA
Cambridge MA USA
Boulder CO USA
La Salle IL USA
Los Alamos NM USA
Port Chester NY USA
Redlands CA USA
Albuquerque NM USA
Austin TX USA
New York NY USA
Princeton NJ USA
Notre Dame IN USA
Unknown
Unknown
Tempe AZ USA
Chicago IL USA
Redondo Beach CA USA
Saint Louis MO USA
Unknown
Duluth MN USA
San Antonio TX USA
Washington DC USA
Pasto Narino Colombia
Amherst MA USA
Oakton VA USA
Unknown
Unknown
Washington DC USA
Milton Keyes  United Kingdom
Baltimore MD USA
Unknown
Unknown
Unknown
Unknown
Unknown
Unknown
Unknown
Unknown
Washington DC USA
Wayzata MN USA
Madison WI USA
Washington DC USA
New Haven CT USA
OXFORD  United Kingdom
Tucson AZ USA
Unknown
Washington DC USA
Unknown
Unknown
Unknown
Logan UT USA
Unknown
Unknown
Unknown
Logan UT USA
Washington DC USA
Cambridge MA USA
Silver Spring MD USA
Moffett Field CA USA
Boulder CO USA
Pasadena CA USA
Norwood MA USA
Washington DC USA
Minneapolis MN USA
Tucson AZ USA
Sunnyvale CA USA
Alexandria VA USA
Alexandria VA USA
Palo Alto CA USA
Washington DC USA
Staten Island NY USA
Miami Springs FL USA
Kirkwood MO USA
Brooklyn NY USA
Pasadena CA USA
Round Rock TX USA
Sheffield  United Kingdom
Saint Petersburg  Russia
Northridge CA USA
St. Louis MO USA
Cincinnati OH USA
Greenbelt MD USA
Pasadena CA USA
Huntsville AL USA
Palo Alto CA USA
Boulder CO USA
Alexandria VA USA
Stanford CA USA
Baltimore MD USA
Athens GA USA
Daytona Beach FL USA
Unknown
Hefei Anhui China
Ottawa ON Canada
Unknown
Unknown
Unknown
Unknown
Unknown
Unknown
Galesburg IL USA
Socorro NM USA
Socorro NM USA
Saint Louis MO USA
Pasadena CA USA
Glen Arm MD USA
Socorro NM USA
Pasadena CA USA
Baltimore MD USA
Cambridge MA USA
Cambridge MA USA
Parker CO USA
Pasadena CA USA
Washington DC USA
Socorro NM USA
Mountain View CA USA
Socorro NM USA
Downingtown PA USA
Bethesda MD USA
Tucson AZ USA
Lawrence KS USA
Albuquerque NM USA
Baltimore MD USA
Baltimore MD USA
Washington DC USA
Unknown
San Diego CA USA
Rockville MD USA
Takoma Park MD USA
Unknown
Washington DC USA
San Clemente CA USA
San Clemente CA USA
Boston MA USA
Tucson AZ USA
Unknown
Ottawa ON Canada
Cambridge MA USA
Washington DC USA
Baltimore MD USA
London London United Kingdom
Unknown
Washington DC USA
Waukesha WI USA
Danville CA USA
Columbia MO USA
Greenbelt MD USA
The University of Sydney NSW Australia
Flagstaff AZ USA
West Lafayette IN USA
Unknown
Moffett Field CA USA
Chapel Hill NC USA
Huntsville AL USA
Unknown
Cambridge MA USA
St. Louis MO USA
Bowling Green OH USA
Unknown
Rancho Cucamonga CA USA
San Rafael CA USA
Greenbelt MD USA
Silver Spring MD USA
Pasadena CA USA
Baltimore MD USA
Clarksville MD USA
Unknown
Acton MA USA
Los Angeles CA USA
Greenbelt MD USA
Troy NY USA
Clayton IN USA
Unknown
Unknown
Westminster CO USA
Mississauga ON Canada
Greenbelt MD USA
Westminster CO USA
Washington DC USA
Greenbelt MD USA
Sherbrooke QC Canada
Pasadena CA USA
Pasadena CA USA
Rochester NY USA
Rochester NY USA
Bern  Switzerland
Palo Alto CA USA
Seabrook TX USA
Stewart Manor NY USA
Washington DC USA
Stanford CA USA
Columbus IN USA
Coralville IA USA
Lexington VA USA
Chicago IL USA
Seattle WA USA
Bowling Green KY USA
Pasadena CA USA
San Luis Obispo CA USA
Carbondale IL USA
Dinuba CA USA
Winneipeg MB Canada
Baltimore MD USA
Moffett Field CA USA
Laurel MD USA
Città Del Vaticano  Holy See (Vatican City)
Cleveland OH USA
Reno NV USA
Silver Spring MD USA
Lawrence KS USA
Gaithersburg MD USA
Cambridge MA USA
Fayetteville AR USA
Pasadena CA USA
Fayetteville AR USA
Cambridge MA USA
Unknown
Unknown
Pasadena CA USA
Hilton Head Island SC USA
College Park MD USA
Sandy Spring MD USA
Unknown
College Station TX USA
Alexandria VA USA
Bedford TX USA
Cambridge MA USA
Cambridge MA USA
Madison WI USA
Palo Alto CA USA
Fairport NY USA
Unknown
Unknown
Unknown
Unknown
Unknown
Azusa CA USA
Seattle WA USA
Makawao HI USA
Durham NH USA
Moffett Field CA USA
Minneapolis MN USA
Haverford PA USA
Austin TX USA
Greenbelt MD USA
Boulder CO USA
Mooresville NC USA
Pasadena CA USA
Berkeley CA USA
Bozeman MT USA
Boulder CO USA
Moffett Field CA USA
Morgantown WV USA
Atlanta GA USA
Fort Worth TX USA
Pasadena CA USA
Tempe AZ USA
Lafayette CO USA
Greenbelt MD USA
Bloomington IN USA
Bloomington IN USA
Pasadena CA USA
Cambridge MA USA
Boulder CO USA
Cambridge MA USA
Greenbelt MD USA
Greenbelt MD USA
Moffett Field CA USA
Princeton NJ USA
Baltimore MD USA
Newark NJ USA
Arlington VA USA
Stanford CA USA
Apex NC USA
Cambridge MA USA
Arlington VA USA
Greenbelt MD USA
Cambridge MA USA
Greenbelt MD USA
Pasadena CA USA
Cambridge MA USA
Washington DC USA
Logan UT USA
Staten Island NY USA
Arlington VA USA
Urbana IL USA
Fayetteville AR USA
Makawao HI USA
Middletown DE USA
Saint Louis MO USA
Boston MA USA
Mountain View CA USA
Saint Louis MO USA
Tempe AZ USA
Urbana IL USA
Phoenix AZ USA
New Haven CT USA
Socorro NM USA
Jonesboro AR USA
Unknown
Unknown
Cochranville PA USA
Hickory Ridge AR USA
Huntsville AL USA
Newark DE USA
Tempe AZ USA
Washington DC USA
Houston TX USA
Orlando FL USA
Providence RI USA
Boulder CO USA
San Diego CA USA
Charlottesville VA USA
Pasadena CA USA
Columbus OH USA
Stillwater OK USA
Boca Raton FL USA
Daytona Beach FL USA
Green Bank WV USA
Pasadena CA USA
Toledo OH USA
Houston TX USA
Washington DC USA
Bremerton WA USA
Chino Hills CA USA
Ann Arbor MI USA
Charlottesville VA USA
Cambridge MA USA
Sunnyvale CA USA
Lafayette CO USA
Greenbelt MD USA
Greenbelt MD USA
New York NY USA
Morelia Michoacan Mexico
Unknown
Washington DC USA
Greenbelt MD USA
New Haven CT USA
Fresno CA USA
Fairfax VA USA
Grafton MA USA
Tempe AZ USA
Baltimore MD USA
New York NY USA
Athens WV USA
Seoul  South Korea
Palo Alto CA USA
Kamuela HI USA
Pasadena CA USA
Charlottesville VA USA
Heverlee  Belgium
Palo Alto CA USA
Cambridge MA USA
Sunnyvale CA USA
Washington DC USA
Washington DC USA
Pasadena CA USA
Boulder CO USA
Pasadena CA USA
Boulder CO USA
Mesa AZ USA
Warrensburg MO USA
Unknown
New Haven CT USA
Unknown
Bloomington IN USA
Edwardsville IL USA
Unknown
Pasadena CA USA
Greenbelt MD USA
Fayetteville AR USA
Edwardsville IL USA
Pendleton OR USA
Astoria NY USA
Pasadena CA USA
Tucson AZ USA
Baltimore MD USA
Toulouse Haute-Garonne France
Hilo HI USA
Kamuela HI USA
Pasadena CA USA
BELFAST  United Kingdom
"Mitaka, Tokyo  Japan"
Fairfax VA USA
Clemson SC USA
Pasadena CA USA
Honolulu HI USA
Hanover NH USA
Harrison NJ USA
Norman OK USA
Berkeley CA USA
Seodaemun-gu Seoul South Korea
BEAVERCREEK OH USA
New Bloomfield PA USA
Minneapolis MN USA
Athens GA USA
Boulder CO USA
Iowa City IA USA
Boulder CO USA
Princeton NJ USA
Seoul  South Korea
Arnold MD USA
Dallas TX USA
Tempe AZ USA
Greenbelt MD USA
Minneapolis MN USA
Unknown
North Brunswick NJ USA
Unknown
Rego Park NY USA
West Newton MA USA
Beijing  China
Greenbelt MD USA
Baltimore MD USA
Burke VA USA
San Diego CA USA
Princeton NJ USA
Kirkwood MO USA
Perryville MO USA
Concord NH USA
Dodgeville WI USA
Newark NJ USA
Ewing NJ USA
Duluth MN USA
Fayetteville AR USA
Boulder CO USA
Greenbelt MD USA
San Diego CA USA
Saint Louis MO USA
Ann Arbor MI USA
Hempstead NY USA
West Haven CT USA
Baltimore MD USA
New York NY USA
Columbus OH USA
Towson MD USA
Moffett Field CA USA
Mountain View CA USA
Platteville WI USA
Baltimore MD USA
Baltimore MD USA
Boulder CO USA
Baltimore MD USA
Bozeman MT USA
Reno NV USA
Holmdel NJ USA
Lawrence KS USA
Reno NV USA
Western Springs IL USA
Pukalani HI USA
Boulder CO USA
Sunnyvale CA USA
Boulder CO USA
Newark NJ USA
Houston TX USA
Hong Kong Hong Kong China
Racine WI USA
Fairfax VA USA
Lawrence KS USA
Darien IL USA
Commerce TX USA
Campbell ACT Australia
Greenville TX USA
Fairfax VA USA
Burlington VT USA
Saint Louis MO USA
Lawrence KS USA
Reno NV USA
Kailua HI USA
Springfield MO USA
Boca Raton FL USA
Charlotte NC USA
Urbana IL USA
Gaithersburg MD USA
Cambridge MA USA
Boulder CO USA
Palo Alto CA USA
Redwood City CA USA
Bend OR USA
Mountain View CA USA
Greenbelt MD USA
Chicago IL USA
Newark NJ USA
New York NY USA
Newark NJ USA
Cambridge MA USA
Saint Charles MO USA
Huntsville AL USA
Tucson AZ USA
Palo Alto CA USA
Pasadena CA USA
Greenbelt MD USA
Boulder CO USA
Boulder CO USA
Newark NJ USA
Madison AL USA
Boulder CO USA
Cambridge MA USA
Anchorage AK USA
Seoul Seoul South Korea
San Diego CA USA
Rolla MO USA
Harrison NJ USA
Palo Alto CA USA
Lawrence KS USA
Lawrence KS USA
Stanford CA USA
Tucson AZ USA
Loganville GA USA
Baltimore MD USA
Brooklyn NY USA
Dallas TX USA
Oakland CA USA
Saint Louis MO USA
San Carlos CA USA
Pomona CA USA
New York NY USA
Boulder CO USA
Blue Springs MO USA
Berkeley Heights NJ USA
Newark NJ USA
Cambridge MA USA
Ames IA USA
Tuscaloosa AL USA
Houston TX USA
Ames IA USA
Aberystwyth Ceredigion United Kingdom
Newhall CA USA
Flint MI USA
Bozeman MT USA
Saint Louis MO USA
Saint Louis MO USA
Stanford CA USA
Wichita KS USA
Cambridge MA USA
New York NY USA
Seattle WA USA
Cambridge MA USA
Oak Park IL USA
Washington DC USA
Ithaca NY USA
Makawao HI USA
Baltimore MD USA
Boulder CO USA
Pukalani HI USA
Winter Springs FL USA
Memphis TN USA
Richmond IN USA
Greenbelt MD USA
Cambridge MA USA
Iowa City IA USA
Springfield IL USA
Pataskala OH USA
Taejon  South Korea
Notre Dame IN USA
Newark NJ USA
Newark NJ USA
Minneapolis MN USA
Columbia MO USA
New Haven CT USA
Boulder CO USA
Hong Kong Hong Kong China
Unknown
Makawao HI USA
Columbia MO USA
Göttingen  Germany
Burbank CA USA
Pennington NJ USA
Columbia MO USA
Columbia MO USA
Austin TX USA
Iowa City IA USA
Princeton NJ USA
Greenbelt MD USA
Boulder CO USA
Erie CO USA
Bozeman MT USA
Pittsburgh PA USA
Lawrence Kansas USA
  USA
San Antonio TX USA
Swarthmore PA USA
University Park PA USA
Newark NJ USA
New York NY USA
Alexandria VA USA
Unknown
Los Angeles CA USA
Greenbelt MD USA
Bozeman MT USA
Princeton NJ USA
Tucson AZ USA
Pasadena CA USA
Stanford CA USA
Greenbelt MD USA
Leiden  Netherlands
Washington DC USA
Providence RI USA
Arlington VA USA
Newark NJ USA
London  United Kingdom
Saint Louis MO USA
Gottingen Lower Saxony Germany
Flint MI USA
Bozeman MT USA
Ventura CA USA
Minneapolis MN USA
New York NY USA
Albion MI USA
Boulder CO USA
Grand Blanc MI USA
Flint MI USA
Las Cruces NM USA
Providence RI USA
Newark NJ USA
London ON Canada
College Park MD USA
Athens GA USA
Nottingham Nottinghamshire United Kingdom
White Lake MI USA
Ann Arbor MI USA
Oshkosh WI USA
University Park PA USA
Hartwell GA USA
Boulder CO USA
Kirksville MO USA
Nagaokakyo Kyoto Japan
Gottingen Lower Saxony Germany
Newark NJ USA
Iowa City IA USA
Greenbelt MD USA
Newark NJ USA
Green Bay WI USA
Huntsville AL USA
Huntsville AL USA
Crestview Hills KY USA
Crestwood KY USA
Alexandria VA USA
Naperville IL USA
Grafton NH USA
Stanford CA USA
Big Bear City CA USA
Crestview Hills KY USA
Mountain View CA USA
Chicago IL USA
Pflugerville TX USA
Kamuela HI USA
 AA USA
Chicago IL USA
Fort Worth TX USA
Murphysboro IL USA
Oakland CA USA
Tucson AZ USA
Pukalani HI USA
Clarksville TN USA
Baltimore MD USA
Tucson AZ USA
Irvington NY USA
New York NY USA
Saint Louis MO USA
San Francisco CA USA
Columbia MO USA
Cape Girardeau MO USA
Raleigh NC USA
Columbia MO USA
Charlottesville VA USA
Northville MI USA
Novi MI USA
Hawthorn VIC Australia
Sunnyvale CA USA
Boulder CO USA
Moffett Field CA USA
Baltimore MD USA
Saint Louis MO USA
Charlottesville VA USA
Plainsboro NJ USA
Saint Cloud MN USA
Madison WI USA
Princeton NJ USA
High Ridge MO USA
Central SC USA
Charlottesville VA USA
Boulder CO USA
Northampton MA USA
Greenbelt MD USA
Altadena CA USA
Stanford CA USA
Durham  United Kingdom
Philadelphia PA USA
Lafayette CO USA
Boulder CO USA
Boulder CO USA
Phoenix AZ USA
Boulder CO USA
Unknown
Pasadena CA USA
Ann Arbor MI USA
Littleton CO USA
Berkeley CA USA
Washington DC USA
Milwaukee WI USA
Tucson AZ USA
Chevy Chase MD USA
Moffett Field CA USA
Chevy Chase MD USA
Moffett Field CA USA
Boulder CO USA
Lafayette CA USA
Seneca Falls NY USA
Unknown
Denver CO USA
Manitou Springs CO USA
Oakton VA USA
Unknown
Unknown
Unknown
Hilo HI USA
Bluff UT USA
Unknown
New York NY USA
Greeley CO USA
Unknown
Unknown
Unknown
Clemson SC USA
Boulder CO USA
USAF Academy CO USA
Arlington VA USA
Pasadena CA USA
Los Angeles CA USA
Tucson AZ USA
Greenbelt MD USA
Mountain View CA USA
Greensboro NC USA
Denver CO USA
Loveland CO USA
Moffett Field CA USA
Milwaukee WI USA
Boulder CO USA
Boulder CO USA
Columbia MO USA
Denver CO USA
Addis Ababa  Ethiopia
New York NY USA
Boulder CO USA
Los Angeles CA USA
Lakewood CO USA
Boulder CO USA
Colorado Springs CO USA
Boulder CO USA
Moffett Field CA USA
Atlanta GA USA
Westminster CO USA
Unknown
Unknown
Boulder CO USA
Unknown
Unknown
Unknown
Golden CO USA
Unknown
Unknown
Boulder CO USA
Unknown
Unknown
Unknown
Unknown
Minneapolis MN USA
Lafayette CO USA
Huntsville AL USA
Owens Cross Roads AL USA
Huntsville AL USA
Boulder CO USA
Moffett Field CA USA
Gainesville FL USA
Wheeling IL USA
Unknown
Unknown
Unknown
Moffett Field CA USA
Charlottesville VA USA
Cambridge MA USA
Cambridge MA USA
Los Alamos NM USA
Powell OH USA
Denver CO USA
Baltimore MD USA
Heidelberg Germany Germany
SOUTHAMPTON  United Kingdom
Huntsville AL USA
Madison AL USA
New Bloomfield PA USA
Baltimore MD USA
Tucson AZ USA
Pasadena CA USA
Washington DC USA
Silver Spring MD USA
Unknown
Washington DC USA
Parker CO USA
Washington DC USA
OXFORD  United Kingdom
Laramie WY USA
Unknown
Unknown
Unknown
Unknown
Unknown
Unknown
Unknown
Unknown
Unknown
Unknown
Laramie WY USA
Unknown
Washington DC USA
Washington DC USA
Washington DC USA
Washington DC USA
Washington DC USA
Washington DC USA
Tucson AZ USA
Unknown
Unknown
Lowell MA USA
Washington DC USA
Champaign IL USA
Tucson AZ USA
Moffett Field CA USA
Charlottesville VA USA
Longmont CO USA
Altadena CA USA
San Antonio TX USA
Tucson AZ USA
Cambridge MA USA
Westminster CO USA
Baltimore MD USA
Eagle CO USA
Eagle CO USA
Eagle CO USA
Eagle CO USA
Denver CO USA
Mobile AL USA
Accra  Ghana
Pasadena CA USA
Unknown
Unknown
Unknown
Unknown
Boulder CO USA
Unknown
Baltimore MD USA
Madison WI USA
Golden CO USA
Unknown
Moffett Field CA USA
New York NY USA
Cumming GA USA
Chicago IL USA
Boulder CO USA
Unknown
Baltimore MD USA
Green Bank WV USA
Clarksville MD USA
Longmont CO USA
Longmont CO USA
College Park MD USA
Niwot CO USA
Pasadena CA USA
Ottawa ON Canada
Nederland CO USA
Moffett Field CA USA
Baltimore MD USA
Pasadena CA USA
Broomfield CO USA
Baltimore MD USA
West Lebanon NH USA
Unknown
Ottawa ON Canada
Baltimore MD USA
Pasadena CA USA
Boulder CO USA
Boulder CO USA
Austin TX USA
Cambridge MA USA
East Rochester NY USA
Baltimore MD USA
Baltimore MD USA
Greenbelt MD USA
  Netherlands
Denver CO USA
Pasadena CA USA
South Bend IN USA
Washington DC USA
Greenbelt MD USA
Boulder CO USA
Milwaukee WI USA
Davis CA USA
Boulder CO USA
Portland OR USA
Springfield MO USA
Boulder CO USA
Broomfield CO USA
Cheongju Chungbuk South Korea
Boulder CO USA
Auburn University AL USA
Rockville MD USA
Greenbelt MD USA
Louisville KY USA
Alpine TX USA
Los Angeles CA USA
Des Plaines IL USA
Anchorage AK USA
Snellville GA USA
Bonn NRW Germany
Colorado Springs CO USA
Rex GA USA
Anaheim CA USA
Los Angeles CA USA
Pasadena CA USA
Charlottesville VA USA
Tucson AZ USA
Stewart Manor NY USA
Livermore CA USA
Charlottesville VA USA
Fort Collins CO USA
Cambridge MA USA
Baltimore MD USA
CAMBRIDGE MA USA
Chino Hills CA USA
Charlottesville VA USA
Tucson AZ USA
Chicago IL USA
Cambridge MA USA
Greenbelt MD USA
Colorado Springs CO USA
Labelle FL USA
Colorado Springs CO USA
Cambridge MA USA
Sonoma CA USA
Ypsilanti MI USA
Tempe AZ USA
Denver CO USA
San Francisco CA USA
Mountain View CA USA
Acton MA USA
Longmont CO USA
Boulder CO USA
Boulder CO USA
Greeley CO USA
Brunswick ME USA
Boulder CO USA
Milliken CO USA
Longmont CO USA
Elizabeth CO USA
Bonita Springs FL USA
Madison WI USA
Santa Cruz CA USA
Tucson AZ USA
Boulder CO USA
Tucson AZ USA
Greeley CO USA
Louisville CO USA
Pasadena CA USA
Lafayette CO USA
Baltimore MD USA
Sunnyvale CA USA
Boulder CO USA
Fort Myers FL USA
Victoria BC Canada
Boulder CO USA
Heidelberg  Germany
Cambridge MA USA
Yokohama  Japan
Tempe AZ USA
Silver Spring MD USA
Miami Lakes FL USA
Red Lodge MT USA
Baltimore MD USA
Boulder CO USA
Greeley CO USA
Notre Dame IN USA
Chicago IL USA
Taejon  South Korea
Greenbelt MD USA
Tempe AZ USA
Davis CA USA
Boulder CO USA
Berkeley CA USA
Salt Lake City UT USA
Noordwijk  Netherlands
Las Cruces NM USA
Laramie WY USA
Baltimore MD USA
Socorro NM USA
Santa Margarita CA USA
Longmont CO USA
Grafton NH USA
Cambridge MA USA
Boulder CO USA
Baltimore MD USA
Baltimore MD USA
Boulder CO USA
Sauverny Switzerland Switzerland
Heidelberg B-W Germany
Boulder CO USA
Boulder CO USA
Taos NM USA
Louisville CO USA
Unknown
New York NY USA
Cumming GA USA
Boston MA USA
Baltimore MD USA
Lone Tree CO USA
Santa Cruz CA USA
Kittredge CO USA
Livermore CA USA
Greenbelt MD USA
Wellesley MA USA
Moffett Field CA USA
Colorado Springs CO USA
Hinsdale IL USA
Louisville KY USA
Washington DC USA
Unknown
Unknown
Unknown
Washington DC USA
Laramie WY USA
Unknown
Unknown
New York NY USA
Louisville CO USA
University Park PA USA
New York NY USA
Charlottesville VA USA
University Park PA USA
Leiden  Netherlands
Greenbelt MD USA
Baltimore MD USA
Boulder CO USA
Tucson AZ USA
Johannesburg Gauteng South Africa
Chandler AZ USA
College Park MD USA
Baltimore MD USA
Baltimore MD USA
New York NY USA
Alexandria VA USA
Oakton VA USA
Canberra ACT Australia
Baltimore MD USA
Baltimore MD USA
Poughkeepsie NY USA
Greeley CO USA
Baltimore MD USA
Tempe AZ USA
Charlottesville VA USA
Crownsville MD USA
Ann Arbor MI USA
Baltimore MD USA
Baltimore MD USA
Stoneham MA USA
Socorro NM USA
Mountain View CA USA
Glen Arm MD USA
Baltimore MD USA
Moffett Field CA USA
Baltimore MD USA
Baltimore MD USA
Hilo HI USA
Baltimore MD USA
Baltimore MD USA
Baltimore MD USA
Baltimore MD USA
Berkeley CA USA
Baltimore MD USA
Baltimore MD USA
Columbus GA USA
Boulder CO USA
Telluride CO USA
Washington DC USA
Bethesda MD USA
Temple Terrace FL USA
Baltimore MD USA
Victoria BC Canada
Lacey WA USA
Greenbelt MD USA
Boulder CO USA
Baltimore MD USA
Annapolis MD USA
Laramie WY USA
Bedford TX USA
Greenbelt MD USA
Bozeman MT USA
Moscow  Russia
Ojai CA USA
Sunnyvale CA USA
Baltimore MD USA
Kansas City MO USA
Lehman PA USA
Winona MN USA
Moffett Field CA USA
Beaverton OR USA
San Antonio TX USA
Mountain View CA USA
Anchorage AK USA
Moffett Field CA USA
Denver CO USA
Wilmington MA USA
Pasadena CA USA
Amherst MA USA
Stony Brook NY USA
Baltimore MD USA
Trieste  Italy
Bozeman MT USA
Amherst MA USA
Heidelberg Heidelberg Germany
Amherst MA USA
Potsdam Germany (DEU) Germany
Rochester MN USA
Columbia MO USA
Cambridge MA USA
Seoul  South Korea
Winona MN USA
Moose Pass AK USA
Cambridge MA USA
Baltimore MD USA
Columbia MD USA
Baltimore MD USA
Denver CO USA
Ithaca NY USA
Atlanta GA USA
Evanston IL USA
Woodstock GA USA
Athens GA USA
Boulder CO USA
Weston Creek ACT Australia
Austin TX USA
Minneapolis MN USA
Kent WA USA
Cambridge MA USA
San Francisco CA USA
Boulder CO USA
Denver CO USA
Tucson AZ USA
Santa Clara CA USA
Cambridge MA USA
Mountain View CA USA
Anchorage AK USA
Boulder CO USA
Anchorage AK USA
Boulder CO USA
Ojai CA USA
Unknown
Boulder CO USA
Toledo OH USA
Lutherville Timonium MD USA
Ojai CA USA
Denver CO USA
Ojai CA USA
Ojai CA USA
Ojai CA USA
Grinnell IA USA
Los Alamos NM USA
Kamuela HI USA
Washington DC USA
Denver CO USA
Pasadena CA USA
Santiago  Chile
Honolulu HI USA
Mission Viejo CA USA
Seattle WA USA
Georgetown TX USA
Baltimore MD USA
Seattle WA USA
Greenbelt MD USA
Victoria BC Canada
Tucson AZ USA
Tucson AZ USA
Orem UT USA
Boulder CO USA
Mitaka Tokyo Japan
Ellicott City MD USA
Somerville MA USA
Socorro NM USA
Burke VA USA
Boulder CO USA
Budapest Hungary Hungary
Tallahassee FL USA
Littleton CO USA
College Station TX USA
Boulder CO USA
Moscow  Russia
Athens GA USA
Pleasant Grove UT USA
Socorro NM USA
Cambridge MA USA
Auburn AL USA
Boulder CO USA
Denver CO USA
Athens GA USA
Cambridge MA USA
Pasadena CA USA
Charlottesville VA USA
Cambridge MA USA
Athens GA USA
San Francisco CA USA
Cambridge MA USA
Denver CO USA
Washington DC USA
Washington DC USA
  Switzerland
Denver CO USA
Pomona CA USA
Moffett Field CA USA
Laramie WY USA
Pasadena CA USA
College Park MD USA
Denver CO USA
Tempe AZ USA
Raleigh NC USA
Broomfield CO USA
Boulder CO USA
Denver CO USA
Boulder CO USA
Boulder CO USA
Los Alamos NM USA
Boulder CO USA
Boulder CO USA
Tuscaloosa AL USA
Lawrence Kansas USA
Cambridge MA USA
Bozeman MT USA
Moorhead MN USA
Laurel MD USA
Boulder CO USA
Boulder CO USA
Tucson AZ USA
Portland OR USA
Los Alamos NM USA
Colorado Springs CO USA
Tucson AZ USA
Fort Collins CO USA
Mountain View CA USA
East Lansing MI USA
Reno NV USA
Ithaca NY USA
Burlingame CA USA
Boulder CO USA
Madison WI USA
Williamstown MA USA
Center Harbor NH USA
West Haven CT USA
Ogden UT USA
Boulder CO USA
Tempe AZ USA
Boulder CO USA
Boulder CO USA
Anchorage AK USA
Boulder CO USA
Tucson AZ USA
Hebron KY USA
Los Angeles CA USA
Ann Arbor MI USA
Los Angeles CA USA
Pasadena CA USA
Arlington MA USA
Northfield MN USA
Boston MA USA
Hartwell GA USA
New York NY USA
Silver Spring MD USA
Los Alamos NM USA
Cambridge MA USA
Colorado Springs CO USA
Princeton NJ USA
Windsor CA USA
Erie PA USA
Kalamazoo MI USA
Las Cruces NM USA
East Lansing MI USA
Cambridge MA USA
Boulder CO USA
Boulder CO USA
Boulder CO USA
Boston MA USA
Denver CO USA
Laramie WY USA
Denver CO USA
Pasadena CA USA
Boulder CO USA
Salt Lake City UT USA
Reno NV USA
Pasadena CA USA
Boulder CO USA
Fairmont WV USA
Los Alamos NM USA
Mount Pleasant MI USA
Unknown
Unknown
 AA USA
Fort Collins CO USA
Mount Pleasant MI USA
Ann Arbor MI USA
Anchorage AK USA
Anchorage AK USA
East Lansing MI USA
Boulder CO USA
Idyllwild CA USA
Denver CO USA
Boulder CO USA
Denver CO USA
Philadelphia PA USA
Reno NV USA
Boulder CO USA
Longmont CO USA
Louisville KY USA
Tempe AZ USA
Eugene OR USA
Columbia MD USA
Elon NC USA
Boulder CO USA
Denver CO USA
Northampton MA USA
Minneapolis MN USA
Richardson TX USA
Macomb IL USA
Baltimore MD USA
Ojai CA USA
New York NY USA
Albuquerque NM USA
Boulder CO USA
Boulder CO USA
Elon NC USA
Boulder CO USA
South Pasadena CA USA
Baltimore MD USA
Boulder CO USA
Dripping Springs TX USA
Boulder CO USA
Pasadena CA USA
Boulder CO USA
San Francisco CA USA
Pasadena CA USA
Boulder CO USA
San Francisco CA USA
Boulder CO USA
Denver CO USA
Laramie WY USA
Grenoble Cedex 9  France
San Francisco CA USA
Providence RI USA
Chapel Hill NC USA
Baltimore MD USA
Tucson AZ USA
Princeton NJ USA
Athens GA USA
Parker CO USA
Boulder CO USA
Boulder CO USA
Gainesville FL USA
Didcot  United Kingdom
Parker CO USA
Boulder CO USA
Los Alamos NM USA
Laramie WY USA
Westminster CO USA
Lakewood CO USA
Mount Holly NJ USA
Ewing NJ USA
Kamuela HI USA
Kamuela HI USA
Denton TX USA
Laramie WY USA
Boulder CO USA
Laramie WY USA
Highlands Ranch CO USA
Boulder CO USA
Irvine CA USA
New York NY USA
Laramie WY USA
Tucson AZ USA
Pflugerville TX USA
Pasadena CA USA
Pasadena CA USA
Boulder CO USA
New York NY USA
Syracuse NY USA
Kirksville MO USA
Ann Arbor MI USA
Cambridge MA USA
West Kensington  United Kingdom
Decatur GA USA
Decatur GA USA
Athens GA USA
Broomfield CO USA
Boulder CO USA
Pasadena CA USA
Cambridge  United Kingdom
Tucson AZ USA
Boulder CO USA
Nashville TN USA
New Haven CT USA
Baltimore MD USA
New York NY USA
La Jolla CA USA
Boulder CO USA
Santa Cruz CA USA
Laramie WY USA
Erie CO USA
Lyons CO USA
New Haven CT USA
Sunnyvale CA USA
Irvington NY USA
Irvington NY USA
Pasadena CA USA
Sedalia CO USA
Granger IN USA
Athens GA USA
Pasto Narino Colombia
Collegeville MN USA
Denton TX USA
Collegeville MN USA
West Newton MA USA
Nijmegen Gelderland Netherlands
Sandy Spring MD USA
Baltimore MD USA
Unknown
Tucson AZ USA
Unknown
Cambridge MA USA
Palo Alto CA USA
Unknown
Unknown
Altadena CA USA
Arlington VA USA
Austin TX USA
Cambridge MA USA
Charlottesville VA USA
Cambridge MA USA
Unknown
New York NY USA
Pasadena CA USA
Tucson AZ USA
Jessup MD USA
Columbus GA USA
Towson MD USA
Austin TX USA
Tempe AZ USA
Austin TX USA
Austin TX USA
Austin TX USA
Wayzata MN USA
Unknown
Unknown
Unknown
Austin TX USA
Unknown
Washington DC USA
Unknown
Norman OK USA
Corinth TX USA
Austin TX USA
Austin TX USA
Tucson AZ USA
Unknown
Unknown
Unknown
Unknown
Moffett Field CA USA
Pflugerville TX USA
Pflugerville TX USA
Champaign IL USA
Sherbrooke QC Canada
Springfield MO USA
Alexandria VA USA
Baltimore MD USA
Logan UT USA
Toronto ON Canada
Denver CO USA
Baltimore MD USA
Unknown
Unknown
Unknown
Unknown
Tucson AZ USA
Kerrville TX USA
San Antonio TX USA
Austin TX USA
Bozeman MT USA
Herndon VA USA
New Taipei City Taipei Taiwan
Fairfax CA USA
Los Angeles CA USA
Washington DC USA
Giheung-gu Yongin-si Gyunggi-do South Korea
Pasadena CA USA
Huntsville TX USA
Austin TX USA
Davis CA USA
Baltimore MD USA
Louisville KY USA
Washington DC USA
Flagstaff AZ USA
Moffett Field CA USA
Redondo Beach CA USA
Fort Worth TX USA
Tucson AZ USA
Moffett Field CA USA
Austin TX USA
Green Bank WV USA
Dallas TX USA
Unknown
Austin TX USA
Baltimore MD USA
Madison WI USA
Tucson AZ USA
Austin TX USA
Hanover Niedersachsen Germany
Pasadena CA USA
Baltimore MD USA
Tempe AZ USA
Santa Clara CA USA
Gig Harbor WA USA
Tacoma WA USA
Baltimore MD USA
Arlington TX USA
Greenbelt MD USA
Somerville MA USA
Moffett Field CA USA
College Park MD USA
San Antonio TX USA
Tucson AZ USA
Orem UT USA
Gig Harbor WA USA
West Orange NJ USA
Fredericksburg TX USA
Unknown
Moffett Field CA USA
Baltimore MD USA
San Rafael CA USA
Rochester NY USA
Baltimore MD USA
Moffett Field CA USA
Sunnyvale CA USA
Moffett Field CA USA
Pasadena CA USA
Fort Myers FL USA
Pasadena CA USA
Melville NY USA
Unknown
Unknown
Unknown
Unknown
Unknown
Pasadena CA USA
Unknown
Madison WI USA
Baltimore MD USA
Moffett Field CA USA
Cambridge MA USA
Baltimore MD USA
Mountain View CA USA
Pasadena CA USA
Cloudcroft NM USA
Baltimore MD USA
Unknown
College Park MD USA
Unknown
Unknown
Unknown
Chandler AZ USA
Morgantown WV USA
Green Bank WV USA
Unknown
Alexandria VA USA
Cheongju Chungbuk South Korea
Unknown
Bellingham WA USA
Washington DC USA
San Clemente CA USA
San Clemente CA USA
Urbana IL USA
Unknown
Unknown
Fullerton CA USA
Unknown
Unknown
Unknown
Unknown
Austin TX USA
Los Angeles CA USA
Naples FL USA
Unknown
Levittown PA USA
Orlando FL USA
Windsor West Gauteng South Africa
Arlington VA USA
Crownsville MD USA
Kamuela HI USA
Santa Fe NM USA
Littleton CO USA
Hoschton GA USA
Columbus OH USA
Greenbelt MD USA
Baltimore MD USA
San Antonio TX USA
San Antonio TX USA
San Antonio TX USA
San Antonio TX USA
San Antonio TX USA
San Antonio TX USA
San Antonio TX USA
San Antonio TX USA
San Antonio TX USA
La Laguna Tenerife Spain
Bellingham WA USA
Athens GA USA
Moffett Field CA USA
Santa Barbara CA USA
Gettysburg PA USA
Valley Center KS USA
Grafton NH USA
Chevy Chase MD USA
San Antonio TX USA
Chevy Chase MD USA
Washington DC USA
Austin TX USA
Lakewood CO USA
Hamburg  Germany
Waukesha WI USA
Arlington VA USA
New Paltz NY USA
Washington DC USA
Tucson AZ USA
Bethesda MD USA
Ellicott City MD USA
New Paltz NY USA
Exeter Devon United Kingdom
Gyeonggi-do 17104 South Korea
College Park MD USA
Washington DC USA
Provo UT USA
Greenbelt MD USA
Baltimore MD USA
Omaha NE USA
Tucson AZ USA
Philadelphia PA USA
Bethlehem PA USA
Greenbelt MD USA
Tautenburg  Germany
Yongin-si Gyeonggi-do South Korea
Tucson AZ USA
Charlottesville VA USA
Tucson AZ USA
Charlottesville VA USA
Unknown
Unknown
Salem OR USA
Austin TX USA
Unknown
San Francisco CA USA
Hoschton GA USA
Athens  China
Lawrenceville GA USA
Baltimore MD USA
Leamington Spa  United Kingdom
Athens GA USA
Somerville MA USA
Baltimore MD USA
Dallas TX USA
Charlottesville VA USA
Washington DC USA
San Antonio TX USA
Greenbelt MD USA
Cambridge MA USA
Mission Viejo CA USA
Goleta CA USA
Tucson AZ USA
Northampton MA USA
Pasadena CA USA
Alexandria VA USA
Alexandria VA USA
Baltimore MD USA
Stewart Manor NY USA
Crofton MD USA
Wilmington MA USA
Mountain View CA USA
Boulder CO USA
Fort Worth TX USA
Baltimore MD USA
Pasadena CA USA
Lafayette CO USA
Austin TX USA
Austin TX USA
Medford MA USA
Bethesda MD USA
Tempe AZ USA
Hilo HI USA
Greenbelt MD USA
Bozeman MT USA
Austin TX USA
Baltimore MD USA
Montreal QC Canada
San Antonio TX USA
Seattle WA USA
Tucson AZ USA
Hagerstown MD USA
Ithaca NY USA
Boulder CO USA
Moffett Field CA USA
Austin TX USA
Victoria BC Canada
Seattle WA USA
Studio City CA USA
Toledo OH USA
Unknown
Riverside CA USA
Myrtle Beach SC USA
Laramie WY USA
Toulouse Cedex 4  France
Austin TX USA
Leeds West Yorkshire United Kingdom
Las Cruces NM USA
Houston TX USA
Unknown
Austin TX USA
Wuhan China China
Las Cruces NM USA
Austin TX USA
Sherman TX USA
Goleta CA USA
Baltimore MD USA
New York NY USA
Taejon  South Korea
Boulder CO USA
San Francisco CA USA
Toledo OH USA
Greenbelt MD USA
University Park PA USA
Oakton VA USA
Hampstead MD USA
Greenvale NY USA
Pasadena CA USA
Baltimore MD USA
"Chaoyang, Beijing  China"
Cambridge MA USA
College Park MD USA
Oneonta NY USA
Baltimore MD USA
Baltimore MD USA
Towson MD USA
Baltimore MD USA
Waco TX USA
Mountain View CA USA
Austin TX USA
Unknown
Albuquerque NM USA
Princeton NJ USA
Austin TX USA
Amissville VA USA
Carrollton GA USA
Greenbelt MD USA
Baltimore MD USA
Hilo HI USA
Baltimore MD USA
La Jolla CA USA
Louisville KY USA
Toronto ON Canada
Greenbelt MD USA
Baltimore MD USA
Tempe AZ USA
Tempe AZ USA
Charlottesville VA USA
Laurel MD USA
Baltimore MD USA
Pasadena CA USA
Freeland MD USA
Moffett Field CA USA
Kamuela HI USA
Richmond VA USA
Greenbelt MD USA
Cambridge MA USA
Liptovske Sliace  Slovakia
Saint Cloud MN USA
Hilo HI USA
Baltimore MD USA
Bethesda MD USA
Noordwijk  Netherlands
Lutherville Timonium MD USA
Burlingame CA USA
Austin TX USA
Athens GA USA
Oakland CA USA
Corpus Christi TX USA
Berkeley CA USA
Baltimore MD USA
Baltimore MD USA
Baltimore MD USA
Norman OK USA
Provo UT USA
Gaithersburg MD USA
Westminster CO USA
Baltimore MD USA
Baltimore MD USA
Austin TX USA
Tucson AZ USA
Pasadena CA USA
Glen Arm MD USA
Parker CO USA
New York NY USA
Shippenville PA USA
Baltimore MD USA
Washington DC USA
Washington DC USA
Washington DC USA
Unknown
Budapest  Hungary
Bethesda MD USA
Danville CA USA
Xiamen Fujian China
Xiamen China China
Cambridge MA USA
Baltimore MD USA
Xiamen China China
Austin TX USA
Burke VA USA
Clarksville MD USA
Weston Creek ACT Australia
Xiamen China China
Austin TX USA
Tucson AZ USA
Denver CO USA
Pasadena CA USA
Austin TX USA
Ann Arbor MI USA
Ann Arbor MI USA
Mount Vernon IA USA
Tucson AZ USA
Tucson AZ USA
Cambridge MA USA
Saint Paul MN USA
Silver Spring MD USA
Berkeley CA USA
Pasadena CA USA
Tempe AZ USA
Norwalk CA USA
Berkeley CA USA
Unknown
Denver CO USA
Ann Arbor MI USA
Champaign IL USA
Ann Arbor MI USA
Greenbelt MD USA
Rockville MD USA
Marietta GA USA
Austin TX USA
Austin TX USA
Philadelphia PA USA
Nashville TN USA
Austin TX USA
New York NY USA
Mountain View CA USA
Laurel MD USA
Austin TX USA
  USA
Ottawa ON Canada
Ottawa ON Canada
Unknown
Unknown
San Diego CA USA
Atlanta GA USA
Hilo HI USA
Palaiseau France France
Arlington VA USA
Alpine TX USA
Austin TX USA
Kashiwa  Japan
Athens GA USA
Evanston IL USA
Dripping Springs TX USA
New Haven CT USA
Arlington VA USA
Cambridge MA USA
Berkeley CA USA
Auburn University AL USA
Bedford TX USA
Hartwell GA USA
Indianapolis IN USA
Waco TX USA
Pittsburgh PA USA
Berkeley CA USA
Cambridge MA USA
Arlington MA USA
Salt Lake City UT USA
Tempe AZ USA
Tempe AZ USA
Ann Arbor MI USA
Austin TX USA
Charlottesville VA USA
Charlottesville VA USA
Princeton NJ USA
College Station TX USA
Baton Rouge LA USA
Exeter Devon United Kingdom
Reno NV USA
Austin TX USA
St. Paul MN USA
Cambridge MA USA
Tucson AZ USA
San Diego CA USA
Tempe AZ USA
Pasadena CA USA
Berkeley CA USA
Sunnyvale CA USA
Austin TX USA
Salt Lake City UT USA
Austin TX USA
Reno NV USA
Waco TX USA
Austin TX USA
Houston TX USA
Staten Island NY USA
Austin TX USA
Columbus OH USA
Austin TX USA
Cambridge MA USA
Austin TX USA
Reno NV USA
Austin TX USA
Austin TX USA
Unknown
Ithaca NY USA
Baton Rouge LA USA
Madison WI USA
Waco TX USA
Bethlehem PA USA
Austin TX USA
Austin TX USA
Champaign IL USA
Lesve NA Belgium
Athens GA USA
Austin TX USA
Baltimore MD USA
Austin TX USA
Athens GA USA
Tucson AZ USA
Salt Lake City UT USA
Waco TX USA
Goleta CA USA
Moffett Field CA USA
Piscataway NJ USA
Bethlehem PA USA
Austin TX USA
Hilo HI USA
Miami Lakes FL USA
Georgetown TX USA
Williamstown MA USA
Minneapolis MN USA
Austin TX USA
Austin TX USA
Austin TX USA
Austin TX USA
Austin TX USA
Pasadena CA USA
Moffett Field CA USA
Charlottesville VA USA
New York NY USA
Georgetown TX USA
Springfield IL USA
Tucson AZ USA
Tuscaloosa AL USA
Carrollton GA USA
Austin TX USA
Austin TX USA
Tucson AZ USA
Bloomington IN USA
Pasadena CA USA
Playa Del Rey CA USA
Greenbelt MD USA
Chicago IL USA
San Antonio TX USA
Pasto Narino Colombia
Tempe AZ USA
Austin TX USA
Austin TX USA
Austin TX USA
Alexandria VA USA
20810 Turku  Finland
New York NY USA
Amherst MA Uruguay
Pasadena CA USA
Santiago 22  Chile
Ann Arbor MI USA
San Diego CA USA
Santa Cruz CA USA
Pasadena CA USA
Needham MA USA
Austin TX USA
University Park PA USA
Novato CA USA
Austin TX USA
  Germany
Denton TX USA
Boulder CO USA
New York NY USA
Cambridge MA USA
Irvington NY USA
New York NY USA
Austin TX USA
Tucson AZ USA
Bloomington IN USA
Irvington NY USA
Socorro NM USA
Carrollton GA USA
Socorro NM USA
Austin TX USA
Hilo HI USA
Orlando FL USA
Greenbelt MD USA
Carrollton GA USA
Austin TX USA
Lyons CO USA
Socorro NM USA
Le Havre France France
Madison WI USA
Ann Arbor MI USA
Erie CO USA
Columbus OH USA
Socorro NM USA
Socorro NM USA
Cambridge MA USA
West Newton MA USA
Fort Davis TX USA
Pasadena CA USA
Collegeville MN USA
Baltimore MD USA
Collegeville MN USA
Austin TX USA
Tucson AZ USA
Pflugerville TX USA
Clifton NJ USA
Unknown
Unknown
Unknown
Unknown
Unknown
Unknown
Rosemead CA USA
Unknown
Rancho Santa Margarita CA USA
Washington DC USA
Andover MA USA
Unknown
Unknown
Unknown
Pasadena CA USA
La Jolla CA USA
Stanford CA USA
Washington DC USA
Ventura CA USA
Pasadena CA USA
Columbia MO USA
Pasadena CA USA
Columbia SC USA
Fort Collins CO USA
Arlington VA USA
Pacific Palisades CA USA
Baltimore MD USA
Berkeley CA USA
Pasadena CA USA
Los Angeles CA USA
Unknown
Pasadena CA USA
San Bernardino CA USA
Piscataway NJ USA
Pasadena CA USA
OXFORD  United Kingdom
La Jolla CA USA
Sykesville MD USA
Williamstown MA USA
Pasadena CA USA
Chico CA USA
Syracuse NY USA
Princeton NJ USA
Berkeley CA USA
Cambridge MA USA
Wellesley MA USA
Unknown
Unknown
Unknown
Pacoima CA USA
Unknown
Unknown
Unknown
Tempe AZ USA
Las Vegas NV USA
San Francisco CA USA
Toledo OH USA
San Marcos CA USA
New Braunfels TX USA
El Cajon CA USA
Redondo Beach CA USA
Tempe AZ USA
Baltimore MD USA
Pasadena CA USA
Irvine CA USA
Tempe AZ USA
Los Alamos NM USA
Moffett Field CA USA
Unknown
Unknown
Unknown
Columbus OH USA
Pomona CA USA
Redondo Beach CA USA
San Marcos CA USA
Tucson AZ USA
Unknown
Tucson AZ USA
Fullerton CA USA
Tucson AZ USA
Tucson AZ USA
Redondo Beach CA USA
South Windsor CT USA
Unknown
Unknown
Unknown
Vallejo CA USA
San Diego CA USA
Unknown
Santa Cruz CA USA
Montclair NJ USA
Pasadena CA USA
Washington DC USA
Greenbelt MD USA
Washington DC USA
Los Angeles CA USA
New Canton VA USA
 AZ USA
Tucson AZ USA
Edinburgh United Kingdom United Kingdom
Cambridge MA USA
Woodland Hills CA USA
College Park MD USA
Woodland Hills CA USA
Woodland Hills CA USA
Unknown
Unknown
Unknown
Unknown
Unknown
Unknown
Unknown
Unknown
Unknown
Unknown
Unknown
Greenbelt MD USA
Unknown
Unknown
Fort Worth TX USA
Moffett Field CA USA
Carlsbad CA USA
Seattle WA USA
Goleta CA USA
Brookfield WI USA
Claremont CA USA
Cumming GA USA
Pasadena CA USA
Washington DC USA
San Clemente CA USA
San Clemente CA USA
Unknown
Batesville IN USA
Lexington KY USA
Pasadena CA USA
Tequisquiapan Queretaro Mexico
Pasadena CA USA
Danville CA USA
San Diego CA USA
Addis Ababa  Ethiopia
San Dimas CA USA
Boulder CO USA
Goleta CA USA
San Antonio TX USA
Pasadena CA USA
Pasadena CA USA
Irvine CA USA
Hilo HI USA
Claremont CA USA
Tucson AZ USA
Oakton VA USA
Tucson AZ USA
Daytona Beach FL USA
Los Gatos CA USA
Dalton GA USA
Yokohama Kanagawa Japan
Young Harris GA USA
Berkeley CA USA
Pasadena CA USA
Tempe AZ USA
Stanford CA USA
San Diego CA USA
Irvine CA USA
Princeton NJ USA
New Bloomfield PA USA
New York NY USA
La Jolla CA USA
Pasadena CA USA
Berkeley CA USA
Villanova PA USA
San Diego CA USA
Pasadena CA USA
Las Vegas NV USA
Pasadena CA USA
Unknown
Washington DC USA
Unknown
Los Angeles CA USA
Alpharetta GA USA
Bellingham WA USA
Metairie LA USA
Unknown
Baltimore MD USA
Pasadena CA USA
Baltimore MD USA
Pasadena CA USA
Pasadena CA USA
Baltimore MD USA
Tucson AZ USA
La Jolla CA USA
Pomona CA USA
Manhattan Beach CA USA
Greenbelt MD USA
Baltimore MD USA
Pasadena CA USA
Bowling Green OH USA
Chicago IL USA
Moscow ID USA
Cambridge MA USA
Mountain View CA USA
Moffett Field CA USA
Pasadena CA USA
Northampton MA USA
Beijing  China
Washington DC USA
Chandler AZ USA
Alexandria VA USA
Sunnyvale CA USA
Columbus OH USA
Pasadena CA USA
Baltimore MD USA
Daytona Beach FL USA
Cambridge MA USA
Baltimore MD USA
La Jolla CA USA
Berkeley CA USA
Baltimore MD USA
Livermore CA USA
Tucson AZ USA
Tucson AZ USA
Tianjin Tianjin China
Arlington VA USA
College Park MD USA
San Diego CA USA
Hamburg  Germany
Cambridge MA USA
North Andover MA USA
Seoul  South Korea
Grafton NH USA
Moffett Field CA USA
Berkeley CA USA
Somerville MA USA
Los Angeles CA USA
Watertown MA USA
Beaverton OR USA
Chicago IL USA
San Jose CA USA
"Seoul,  South Korea"
San Diego CA USA
Las Cruces NM USA
Evanston IL USA
Versoix GE Switzerland
Santa Barbara CA USA
Chicago IL USA
Tempe AZ USA
Hampton VA USA
Medford NY USA
Baltimore MD USA
Las Cruces NM USA
Charlottesville VA USA
Oneonta NY USA
Tempe AZ USA
Oxford oxfordshire United Kingdom
San Antonio TX USA
Las Cruces NM USA
Unknown
Baltimore MD USA
San Diego CA USA
Tucson AZ USA
San Diego CA USA
Chula Vista CA USA
Santa Cruz CA USA
Rancho Mirage CA USA
Unknown
Sandy Springs GA USA
Bloomington IN USA
London  United Kingdom
BEIJING China China
Dover NH USA
San Antonio TX USA
Zetland NSW Australia
Baltimore MD USA
Berkeley CA USA
Pasadena CA USA
Palm Desert CA USA
Henderson KY USA
Baltimore MD USA
Siksika AB Canada
New York NY USA
Greenbelt MD USA
Gainesville FL USA
Tempe AZ USA
San Antonio TX USA
Seattle WA USA
San Diego CA USA
Tucson AZ USA
Longview WA USA
Riverside CA USA
Kirkland WA USA
Fort Myers FL USA
Fort Myers FL USA
Seattle WA USA
Cambridge MA USA
Wheaton IL USA
Riverside CA USA
Garching Bavaria Germany
Pasadena CA USA
Columbus OH USA
Tucson AZ USA
Cheongju Chungbuk South Korea
San Antonio TX USA
Tempe AZ USA
Pomona CA USA
Greenbelt MD USA
Chandler AZ USA
Mountain View CA USA
Alpine CA USA
Hanover Niedersachsen Germany
Santa Barbara CA USA
Mathews VA USA
Wellesley MA USA
Columbus OH USA
Wayne PA USA
La Jolla CA USA
Boulder CO USA
San Diego CA USA
Athens GA USA
Paso Robles CA USA
Tucson AZ USA
La Jolla CA USA
College Park MD USA
Rockville MD USA
Chicago IL USA
Champaign IL USA
Baltimore MD USA
Fairfax VA USA
Baltimore MD USA
Baltimore MD USA
Tucson AZ USA
Silver Spring MD USA
La Serena  Chile
Baltimore MD USA
Livermore CA USA
La Jolla CA USA
Richardson TX USA
Dearborn MI USA
Schenectady NY USA
Portland OR USA
Madison WI USA
Tucson AZ USA
Fort Myers FL USA
Morehead KY USA
Redondo Beach CA USA
Greenbelt MD USA
San Jose CA USA
Whittier CA USA
Leiden  Netherlands
Daegu  South Korea
Alexandria VA USA
Crofton MD USA
Greenbelt MD USA
Newark DE USA
Cambridge MA USA
Arlington MA USA
Cambridge MA USA
Boone NC USA
Pasadena CA USA
San Diego CA USA
Moffett Field CA USA
Fountain Valley CA USA
Kansas City MO USA
San Francisco CA USA
Paris  France
Sunnyvale CA USA
Nashville TN USA
Lakeside CA USA
Johnson City TN USA
Tucson AZ USA
Temecula CA USA
Laramie WY USA
Pikesville MD USA
Baltimore MD USA
Baltimore MD USA
Baltimore MD USA
San Diego CA USA
Baltimore MD USA
Unknown
Los Alamos NM USA
Baltimore MD USA
Pittsburgh PA USA
Taipei City Taiwan Taiwan
San Diego CA USA
Cambridge MA USA
Tempe AZ USA
Boone NC USA
Lincoln Park MI USA
Dearborn MI USA
Lompoc CA USA
Moscow ID USA
Redondo Beach CA USA
Sonoma CA USA
La Jolla CA USA
Tucson AZ USA
Greenbelt MD USA
Marietta GA USA
AALTO  Finland
Moreno Valley CA USA
Pasadena CA USA
Leiden Netherlands Netherlands
Northridge CA USA
Cambridge MA USA
Westminster CO USA
Indianapolis IN USA
Seattle WA USA
San Jose CA USA
Baltimore MD USA
Greenbelt MD USA
Mountain View CA USA
San Diego CA USA
Pasadena CA USA
Cambridge MA USA
Huntsville AL USA
Baltimore MD USA
Clemson SC USA
Highlands Ranch CO USA
Long Beach CA USA
Toledo OH USA
Tucson AZ USA
Tucson AZ USA
Cambridge MA USA
Baltimore MD USA
Livermore CA USA
Baltimore MD USA
San Diego CA USA
Arlington MA USA
Bozeman MT USA
Pasadena CA USA
Laramie WY USA
Tucson AZ USA
Fountain Hills AZ USA
Greenbelt MD USA
Moffett Field CA USA
Irvine CA USA
Baltimore MD USA
Davis CA USA
Baltimore MD USA
Baltimore MD USA
Madison AL USA
Hampstead MD USA
Atlanta GA USA
Palo Alto CA USA
Scottsdale AZ USA
Livermore CA USA
Baltimore MD USA
San Diego USA Mexico
Silver Spring MD USA
San Diego CA USA
Irvine CA USA
West Lafayette IN USA
Kearney NE USA
Riverside CA USA
Dallas TX USA
Alpine TX USA
Mountain View CA USA
Miami Lakes FL USA
Alexandria VA USA
Baltimore MD USA
Moffett Field CA USA
Baltimore MD USA
Washington DC USA
Unknown
Unknown
Melville NY USA
Cambridge MA USA
Pasadena CA USA
Greenbelt MD USA
West Lafayette IN USA
Springfield MO USA
Atlanta GA USA
San Diego CA USA
Somerville MA USA
Olney MD USA
Unknown
Unknown
Pebble Beach CA USA
Unknown
Moffett Field CA USA
Charlottesville VA USA
Charlottesville VA USA
Tucson AZ USA
Tucson AZ USA
Tucson AZ USA
Baltimore MD USA
Austin TX USA
Clifton VA USA
Washington DC USA
Austin TX USA
Arlington VA USA
Baltimore MD USA
Silver Spring MD USA
Cologne  Germany
Provo UT USA
Evanston IL USA
San Diego CA USA
Pasadena CA USA
La Jolla CA USA
San Diego CA USA
San Diego CA USA
Mountain View CA USA
Pasadena CA USA
Pasadena CA USA
Carlsbad CA USA
Gwanak0gu Seoul South Korea
Charlottesville VA USA
San Diego CA USA
Unknown
San Diego CA USA
Baltimore MD USA
Baltimore MD USA
Bethesda MD USA
Nashville TN USA
Arlington VA USA
New York NY USA
Baltimore MD USA
Fairfax VA USA
  USA
Berkeley CA USA
 MA USA
Cambridge MA USA
Cambridge MA USA
Zurich ZH Switzerland
Baton Rouge LA USA
Torrance CA USA
Toronto ON Canada
Socorro NM USA
Morgantown WV USA
La Jolla CA USA
Unknown
Unknown
Unknown
Unknown
Unknown
Unknown
Unknown
Seattle WA USA
Unknown
Unknown
Columbia MO USA
Pasadena CA USA
Pasadena CA USA
Williamstown MA USA
Pasadena CA USA
Mountain View CA USA
East Setauket NY USA
Irvine CA USA
Washington DC USA
Washington DC USA
Greenbelt MD USA
New York NY USA
Pasadena CA USA
Weston Creek ACT Australia
Moscow ID USA
Seattle WA USA
New Haven CT USA
Canberra ACT Australia
Las Vegas NV USA
Burke VA USA
Boulder CO USA
Williamstown MA USA
Athens GA USA
Torino  Italy
Pasadena CA USA
Pasadena CA USA
La Jolla CA USA
Nashville TN USA
Rochester NY USA
Boston MA USA
Pasadena CA USA
Cambridge MA USA
New York NY USA
Arcadia CA USA
Rexburg ID USA
Cambridge MA USA
Pittsburgh PA USA
Chicago IL USA
Washington DC USA
Athens GA USA
Georgetown TX USA
Idyllwild CA USA
Princeton NJ USA
Wilmington MA USA
Fullerton CA USA
Erie CO USA
Ann Arbor MI USA
Jordan Valley Israel Israel
San Diego CA USA
Walla Walla WA USA
Monrovia CA USA
Hartwell GA USA
Evanston IL USA
Reykjavik  Iceland
New York NY USA
Boulder CO USA
Goleta CA USA
Ottawa ON Canada
Berkeley CA USA
La Jolla CA USA
Tucson AZ USA
Tucson AZ USA
San Diego CA USA
Athens GA USA
New Haven CT USA
La Jolla CA USA
Las Cruces NM USA
Athens GA USA
Cambridge MA USA
Baltimore MD USA
Newton MA USA
Lowell MA USA
New York NY USA
Carlisle PA USA
New York NY USA
Cambridge MA USA
Ottawa ON Canada
Ann Arbor MI USA
San Diego CA USA
Bloomington IL USA
Stanford CA USA
Terre Haute IN USA
New York NY USA
San Diego CA USA
Batavia OH USA
La Jolla CA USA
Pasadena CA USA
Greenbelt MD USA
Baltimore MD USA
La Jolla CA USA
Lancaster  United Kingdom
La Jolla CA USA
La Jolla CA USA
Hanover Township PA USA
Chicago IL USA
New Haven CT USA
Ulsan South Korea South Korea
Silver Spring MD USA
Tempe AZ USA
Rancho Santa Margarita CA USA
Greenbelt MD USA
Sunnyvale CA USA
Port Orange FL USA
Ithaca NY USA
Athens GA USA
Moffett Field CA USA
Clemson SC USA
Le Havre  France
 Arizona USA
Stevenson Ranch CA USA
Santa Ana CA USA
Santa Ana CA USA
Unknown
Unknown
Unknown
Stronghurst IL USA
Bloomington IL USA
Seattle WA USA
Vienna Vienna Austria
Bulach  Switzerland
Burtonsville MD USA
Flagstaff AZ USA
San Diego CA USA
Encinitas CA USA
Charleston IL USA
Urbana IL USA
Irvine CA USA
Tempe AZ USA
Hazard KY USA
San Jose CA USA
Honolulu HI USA
Baton Rouge LA USA
Oceanside CA USA
Irvine CA USA
Chicago IL USA
Bulach  Switzerland
Collegeville MN USA
Williamstown MA USA
Lyons CO USA
 CA USA
Berkeley CA USA
La Jolla CA USA
Garching Bayern Germany
Los Angeles CA USA
Collegeville MN USA
Menlo Park CA USA
Rohnert Park CA USA
Studio City CA USA
Columbus OH USA
Pasadena CA USA
Pittsburgh PA USA
Gold Canyon AZ USA
Reno NV USA
Torrance CA USA
Chicago IL USA
New York NY USA
Stanford CA USA
San Diego CA USA
Tucson AZ USA
Tucson AZ USA
Pasadena CA USA
Austin TX USA
Honolulu HI USA
Baltimore MD USA
Los Angeles CA USA
Pasadena CA USA
Baltimore MD USA
Austin TX USA
Littleton CO USA
Pasadena CA USA
Pasadena CA USA
Minneapolis MN USA
Tucson AZ USA
Charlottesville VA USA
San Jose CA USA
Mission Viejo CA USA
Pasadena CA USA
West Newton MA USA
Livermore CA USA
Northfield MN USA
Alexandria VA USA
Pasadena CA USA
Seattle WA USA
Evanston IL USA
Santa Margarita CA USA
Scottsdale AZ USA
Santa Barbara CA USA
Cambridge MA USA
Goleta CA USA